dbpedia_3622+7.1m_1280+ft_id_12+dbpedia_1761+dbpedia_3020+ft_id_1642,0.23703703703703705
dbpedia_5209+7.1m_5001+7.1m_2913+ft_id_1949+dbpedia_805,0.2583333333333333
dbpedia_1721+dbpedia_2352+7.1m_2838+dbpedia_1062+ft_id_270+dbpedia_1063,0.26666666666666666
dbpedia_3668+dbpedia_524+ft_id_1284+dbpedia_5566+7.1m_4559,0.3
dbpedia_6019+ft_id_26+ft_id_47+7.1m_2128,0.34259259259259256
ft_id_1106+dbpedia_3857+dbpedia_2622+7.1m_2018,0.35185185185185186
ft_id_205+dbpedia_4813+7.1m_3948+ft_id_23+dbpedia_6706,0.36296296296296293
dbpedia_4812+7.1m_2949+ft_id_4+dbpedia_1046,0.3703703703703704
ft_id_986+ft_id_649+7.1m_4217+dbpedia_1250+7.1m_7094,0.3703703703703704
ft_id_1898+7.1m_852+7.1m_5553+7.1m_6883+7.1m_4143+7.1m_5156+ft_id_13+ft_id_485+ft_id_1694+ft_id_52+7.1m_6084+7.1m_6281+ft_id_1775+ft_id_1896+ft_id_956+ft_id_756+ft_id_1928+7.1m_3817+dbpedia_5378+7.1m_6607+7.1m_2128+dbpedia_1171+7.1m_3656+7.1m_5119+7.1m_6725+7.1m_5645+7.1m_5963+7.1m_1960+dbpedia_6511+7.1m_4674+7.1m_4476+7.1m_2452+ft_id_1408+7.1m_4870+7.1m_4078+ft_id_496+7.1m_4395+ft_id_26+7.1m_2492+ft_id_1202+ft_id_769+dbpedia_4614+dbpedia_5988+ft_id_1280+ft_id_886+ft_id_246+dbpedia_4012+7.1m_4833+ft_id_847+7.1m_3822+7.1m_2657+7.1m_2459+7.1m_3115+ft_id_1039+7.1m_1972+7.1m_3476+7.1m_5776+7.1m_3554+7.1m_6620+ft_id_1551+7.1m_7075+ft_id_1354+ft_id_183+ft_id_32+ft_id_218+ft_id_535+ft_id_72+dbpedia_1110+7.1m_1616+7.1m_3878+7.1m_4207+7.1m_2751+7.1m_4213+7.1m_4730+7.1m_1026+7.1m_6677+7.1m_1184+dbpedia_6019+ft_id_1020+ft_id_274+ft_id_47+ft_id_790+dbpedia_38+7.1m_564+ft_id_900+dbpedia_4319+ft_id_822+dbpedia_1246+dbpedia_2732+dbpedia_3861+7.1m_5827+7.1m_4538,0.38448947788916354
ft_id_1898+7.1m_6883+7.1m_4143+7.1m_5156+ft_id_13+ft_id_485+ft_id_1694+ft_id_52+7.1m_6084+7.1m_6281+ft_id_1775+ft_id_1896+ft_id_956+ft_id_1928+7.1m_3817+dbpedia_5378+7.1m_6607+7.1m_2128+7.1m_3656+7.1m_5119+7.1m_6725+7.1m_5645+7.1m_5963+7.1m_1960+dbpedia_6511+7.1m_4674+7.1m_4476+7.1m_2452+ft_id_1408+7.1m_4870+7.1m_4078+7.1m_4395+ft_id_26+7.1m_2492+ft_id_769+dbpedia_4614+dbpedia_5988+ft_id_1280+ft_id_886+ft_id_246+dbpedia_4012+7.1m_4833+ft_id_847+7.1m_3822+7.1m_2657+7.1m_2459+7.1m_3115+ft_id_1039+7.1m_1972+7.1m_3476+7.1m_5776+7.1m_3554+7.1m_6620+ft_id_1551+7.1m_7075+ft_id_1354+ft_id_183+ft_id_32+ft_id_218+ft_id_535+ft_id_72+dbpedia_1110+7.1m_3878+7.1m_4207+7.1m_2751+7.1m_4213+7.1m_4730+7.1m_6677+7.1m_1184+dbpedia_6019+ft_id_1020+ft_id_274+ft_id_47+ft_id_790+dbpedia_38+7.1m_564+ft_id_900+dbpedia_4319+ft_id_822+dbpedia_1246+dbpedia_2732+dbpedia_3861+7.1m_5827+7.1m_4538,0.3850376797823981
7.1m_5553+7.1m_6883+7.1m_5156+ft_id_13+ft_id_485+ft_id_1694+7.1m_6084+ft_id_756+7.1m_3817+7.1m_3656+7.1m_5963+7.1m_4476+7.1m_2452+7.1m_4870+7.1m_4078+ft_id_496+ft_id_26+ft_id_1202+ft_id_769+dbpedia_5988+ft_id_1280+ft_id_886+ft_id_246+dbpedia_4012+7.1m_3822+7.1m_2459+7.1m_3554+ft_id_1199+7.1m_7075+ft_id_1354+ft_id_32+ft_id_535+dbpedia_1110+7.1m_2751+dbpedia_496+7.1m_1026+7.1m_6677+dbpedia_6019+ft_id_274+ft_id_47+ft_id_790+dbpedia_38+ft_id_1588+7.1m_564+ft_id_822+dbpedia_1246+dbpedia_2732+7.1m_3608+7.1m_4538+ft_id_1898+7.1m_852+7.1m_4143+7.1m_177+ft_id_52+7.1m_6281+ft_id_1775+ft_id_1896+ft_id_956+ft_id_1928+dbpedia_5378+7.1m_6607+7.1m_2128+dbpedia_1171+7.1m_5119+7.1m_6725+7.1m_5645+7.1m_1960+dbpedia_6511+7.1m_4674+ft_id_1408+7.1m_4395+7.1m_2492+ft_id_693+ft_id_173+dbpedia_4614+7.1m_4833+ft_id_847+7.1m_2657+7.1m_3115+ft_id_1039+7.1m_1972+7.1m_3476+7.1m_5776+7.1m_6620+ft_id_1551+ft_id_183+ft_id_218+ft_id_72+7.1m_1616+7.1m_3878+7.1m_4207+7.1m_4213+7.1m_4730+7.1m_1184+ft_id_1020+ft_id_1146+ft_id_900+dbpedia_4319+dbpedia_3861+7.1m_5827,0.3863271839365689
dbpedia_4911+ft_id_226+ft_id_1709+dbpedia_5067,0.3888888888888889
ft_id_1898+7.1m_6883+7.1m_4143+7.1m_5156+ft_id_13+ft_id_485+ft_id_1694+ft_id_52+7.1m_6084+7.1m_6281+ft_id_1775+ft_id_1896+ft_id_956+ft_id_1928+7.1m_3817+dbpedia_5378+7.1m_6607+7.1m_2128+7.1m_3656+7.1m_5119+7.1m_6725+7.1m_5645+7.1m_5963+7.1m_1960+dbpedia_6511+7.1m_4674+7.1m_4476+7.1m_2452+7.1m_4870+7.1m_4078+7.1m_4395+ft_id_26+7.1m_2492+ft_id_769+dbpedia_4614+dbpedia_5988+ft_id_1280+ft_id_886+ft_id_246+7.1m_4833+ft_id_847+7.1m_3822+7.1m_2657+7.1m_2459+7.1m_3115+ft_id_1039+7.1m_1972+7.1m_3476+7.1m_5776+7.1m_3554+7.1m_6620+ft_id_1551+7.1m_7075+ft_id_1354+ft_id_183+ft_id_32+ft_id_218+ft_id_535+ft_id_72+dbpedia_1110+7.1m_3878+7.1m_4207+7.1m_2751+7.1m_4213+7.1m_4730+7.1m_6677+7.1m_1184+dbpedia_6019+ft_id_1020+ft_id_274+ft_id_47+ft_id_790+dbpedia_38+7.1m_564+ft_id_900+dbpedia_4319+ft_id_822+dbpedia_1246+dbpedia_2732+dbpedia_3861+7.1m_5827+7.1m_4538,0.3889199000545766
ft_id_1922+ft_id_1924+dbpedia_1213+7.1m_26+7.1m_50+7.1m_5616+7.1m_1544,0.3915343915343915
ft_id_1898+7.1m_6883+7.1m_4143+ft_id_13+ft_id_485+ft_id_1694+ft_id_52+7.1m_6084+7.1m_6281+ft_id_1775+ft_id_956+7.1m_6607+7.1m_2128+7.1m_3656+7.1m_5119+7.1m_6725+7.1m_5645+7.1m_5963+7.1m_1960+dbpedia_6511+7.1m_4674+7.1m_4476+7.1m_2452+7.1m_4870+7.1m_4078+7.1m_4395+ft_id_26+7.1m_2492+dbpedia_4614+dbpedia_5988+ft_id_1280+ft_id_886+ft_id_246+7.1m_4833+ft_id_847+7.1m_3822+7.1m_2657+7.1m_2459+7.1m_3115+ft_id_1039+7.1m_1972+7.1m_3476+7.1m_5776+7.1m_3554+7.1m_6620+ft_id_1551+7.1m_7075+ft_id_1354+ft_id_32+ft_id_218+ft_id_535+dbpedia_1110+7.1m_3878+7.1m_4207+7.1m_4213+7.1m_6677+7.1m_1184+dbpedia_6019+ft_id_1020+ft_id_274+ft_id_47+ft_id_790+dbpedia_38+7.1m_564+ft_id_900+ft_id_822+dbpedia_1246+dbpedia_2732+dbpedia_3861+7.1m_4538,0.39203029349335716
7.1m_3776+7.1m_7019+ft_id_1339+7.1m_3077+7.1m_5691+7.1m_26+ft_id_1451+ft_id_1530+dbpedia_1213+dbpedia_2820+7.1m_44+dbpedia_4762+7.1m_1859+7.1m_1237+7.1m_6727+dbpedia_3253+7.1m_5616+dbpedia_2062+7.1m_2277+7.1m_2335+ft_id_1922+7.1m_2972+ft_id_1503+dbpedia_454+7.1m_844+ft_id_1924+7.1m_6972+7.1m_1440+ft_id_574+ft_id_175+ft_id_1763+ft_id_702+ft_id_108+ft_id_569+7.1m_1728+ft_id_444+dbpedia_3400+ft_id_808+7.1m_50+7.1m_2634+7.1m_1544+7.1m_5945+7.1m_2734,0.3952360444608507
7.1m_422+7.1m_4644+7.1m_2322+ft_id_1239+7.1m_846+7.1m_923+ft_id_221+7.1m_4472+7.1m_130+ft_id_360+7.1m_377+7.1m_168+ft_id_1279+dbpedia_5519+ft_id_546+ft_id_610+dbpedia_6+dbpedia_2422+ft_id_587+dbpedia_2300+dbpedia_2265+dbpedia_4045+ft_id_639,0.39886703473659996
7.1m_7019+ft_id_1339+7.1m_3077+7.1m_5691+7.1m_26+ft_id_1451+ft_id_1530+dbpedia_1213+dbpedia_2820+7.1m_44+dbpedia_4762+7.1m_1859+7.1m_1237+7.1m_6727+dbpedia_3253+7.1m_5616+dbpedia_2062+7.1m_2277+7.1m_2335+ft_id_1922+7.1m_2972+ft_id_1503+dbpedia_454+7.1m_844+ft_id_1924+7.1m_6972+ft_id_175+ft_id_1763+ft_id_702+ft_id_108+ft_id_569+7.1m_1728+ft_id_444+ft_id_808+7.1m_50+7.1m_2634+7.1m_1544+7.1m_5945+7.1m_2734,0.4035769298927193
7.1m_2750+7.1m_2592+7.1m_769+dbpedia_5227+ft_id_1480+7.1m_6221+7.1m_5709+ft_id_571+dbpedia_6429+ft_id_261+7.1m_4726+7.1m_6835,0.40370370370370373
7.1m_4644+7.1m_2322+7.1m_2962+ft_id_1239+7.1m_1597+7.1m_1250+ft_id_221+ft_id_882+7.1m_130+7.1m_2282+ft_id_360+ft_id_184+7.1m_377+ft_id_1279+dbpedia_5519+ft_id_610+dbpedia_6+dbpedia_2422+ft_id_90+dbpedia_3598+dbpedia_2300+7.1m_2747+dbpedia_2265+dbpedia_4045+ft_id_639+7.1m_422+7.1m_3368+ft_id_1946+7.1m_846+7.1m_923+7.1m_4472+7.1m_3086+7.1m_168+ft_id_546+dbpedia_3648+ft_id_588+ft_id_884+ft_id_587+7.1m_2539+7.1m_3249+7.1m_2833,0.4048944454432259
ft_id_1924+dbpedia_1213+7.1m_26,0.4074074074074074
7.1m_769+ft_id_571+dbpedia_6429,0.4074074074074074
7.1m_984+dbpedia_6004+ft_id_1915,0.4074074074074074
ft_id_1856+dbpedia_279+7.1m_452,0.4074074074074074
ft_id_892+7.1m_3858+dbpedia_6904,0.4074074074074074
dbpedia_3622+7.1m_1280+ft_id_1642,0.4074074074074074
7.1m_422+7.1m_4644+7.1m_2322+ft_id_1239+7.1m_846+7.1m_923+ft_id_221+ft_id_360+7.1m_377+7.1m_168+ft_id_1279+dbpedia_5519+ft_id_546+dbpedia_6+ft_id_587+dbpedia_2300+dbpedia_2265+dbpedia_4045+ft_id_639,0.4074426891764352
7.1m_4644+7.1m_2322+7.1m_2962+ft_id_1239+7.1m_1597+7.1m_1250+ft_id_221+ft_id_882+7.1m_130+7.1m_2282+ft_id_360+ft_id_184+7.1m_377+ft_id_1279+dbpedia_5519+ft_id_610+dbpedia_6+dbpedia_2422+ft_id_90+dbpedia_3598+dbpedia_2300+7.1m_2747+dbpedia_2265+dbpedia_4045+ft_id_639+7.1m_422+ft_id_1946+7.1m_846+7.1m_923+7.1m_4472+7.1m_3086+7.1m_168+ft_id_546+ft_id_588+ft_id_587+7.1m_2539+7.1m_2833,0.4106204428043509
7.1m_1035+dbpedia_6358+dbpedia_1354+dbpedia_1353+ft_id_1664,0.4111111111111111
ft_id_108+ft_id_1922+7.1m_7019+ft_id_1924+dbpedia_1213+7.1m_3077+7.1m_26+7.1m_50+7.1m_5616+7.1m_1544,0.4148148148148148
7.1m_7019+ft_id_1339+7.1m_3077+7.1m_5691+7.1m_26+ft_id_1451+ft_id_1530+dbpedia_1213+dbpedia_2820+7.1m_44+dbpedia_4762+7.1m_1859+7.1m_1237+7.1m_6727+dbpedia_3253+7.1m_5616+dbpedia_2062+7.1m_2277+7.1m_2335+ft_id_1922+7.1m_2972+ft_id_1503+7.1m_844+ft_id_1924+7.1m_6972+ft_id_175+ft_id_1763+ft_id_108+ft_id_569+7.1m_1728+ft_id_444+ft_id_808+7.1m_50+7.1m_2634+7.1m_1544+7.1m_5945+7.1m_2734,0.41580551139374666
7.1m_3115+ft_id_1898+ft_id_1039+7.1m_6620+ft_id_13+ft_id_485+ft_id_1694+ft_id_1551+7.1m_7075+ft_id_1354+7.1m_6084+7.1m_6281+ft_id_956+ft_id_535+dbpedia_1110+7.1m_3878+7.1m_3656+7.1m_5119+7.1m_6725+7.1m_5645+7.1m_6677+7.1m_1960+dbpedia_6511+7.1m_4674+7.1m_1184+7.1m_4476+7.1m_4870+7.1m_4078+7.1m_4395+ft_id_274+7.1m_2492+ft_id_790+7.1m_564+ft_id_900+dbpedia_2732+dbpedia_4614+dbpedia_5988+ft_id_1280+ft_id_886+ft_id_246+7.1m_4833+ft_id_847+7.1m_2657+7.1m_2459,0.41652363231310596
dbpedia_1246+7.1m_4143+ft_id_1020+7.1m_6607,0.4166666666666667
ft_id_1898+ft_id_1039+7.1m_6620+ft_id_13+ft_id_485+ft_id_1694+ft_id_1551+7.1m_7075+ft_id_1354+ft_id_956+ft_id_535+dbpedia_1110+7.1m_3878+7.1m_3656+7.1m_5119+7.1m_6725+7.1m_6677+7.1m_1960+7.1m_4674+7.1m_1184+7.1m_4870+7.1m_4078+7.1m_4395+ft_id_274+7.1m_2492+ft_id_790+7.1m_564+ft_id_900+dbpedia_2732+dbpedia_4614+dbpedia_5988+ft_id_1280+ft_id_886+7.1m_4833+ft_id_847+7.1m_2657+7.1m_2459,0.4224872799434203
7.1m_7019+ft_id_1339+7.1m_3077+7.1m_5691+7.1m_26+ft_id_1451+dbpedia_1213+dbpedia_2820+7.1m_44+dbpedia_4762+7.1m_1859+7.1m_6727+dbpedia_3253+7.1m_5616+7.1m_2277+7.1m_2335+ft_id_1922+7.1m_2972+ft_id_1503+7.1m_844+ft_id_1924+ft_id_1763+ft_id_108+ft_id_569+7.1m_1728+ft_id_444+ft_id_808+7.1m_50+7.1m_1544+7.1m_2734,0.42901912901912903
7.1m_422+7.1m_4644+7.1m_2322+ft_id_1239+7.1m_846+7.1m_923+ft_id_221+ft_id_360+7.1m_377+7.1m_168+ft_id_1279+ft_id_546+dbpedia_6+dbpedia_2300+dbpedia_2265+dbpedia_4045+ft_id_639,0.43050108932461867
7.1m_6559+7.1m_4246+7.1m_6830+7.1m_2583+7.1m_3550+ft_id_892+ft_id_1450+ft_id_1361+7.1m_3858+dbpedia_5+dbpedia_6904+7.1m_5824,0.43333333333333335
dbpedia_6035+7.1m_699+7.1m_89+dbpedia_1642+ft_id_230+7.1m_7021+ft_id_370,0.43333333333333335
7.1m_2335+ft_id_1922+7.1m_7019+ft_id_1339+7.1m_844+ft_id_1924+7.1m_3077+7.1m_26+ft_id_1763+ft_id_108+ft_id_569+dbpedia_1213+7.1m_1728+7.1m_1859+ft_id_808+7.1m_50+dbpedia_3253+7.1m_5616+7.1m_1544,0.4356534036616596
ft_id_1898+ft_id_1039+ft_id_485+ft_id_1551+7.1m_7075+ft_id_1354+ft_id_535+dbpedia_1110+7.1m_3878+7.1m_3656+7.1m_6725+7.1m_6677+7.1m_1960+7.1m_4870+7.1m_4078+7.1m_4395+ft_id_274+7.1m_2492+ft_id_790+7.1m_564+ft_id_900+dbpedia_4614+dbpedia_5988+ft_id_1280+ft_id_886+7.1m_4833+ft_id_847+7.1m_2657+7.1m_2459,0.43751269664313147
ft_id_119+dbpedia_4267+7.1m_197,0.4444444444444444
ft_id_1229+7.1m_985+dbpedia_2612,0.4444444444444444
ft_id_300+7.1m_428+dbpedia_1254,0.4444444444444444
dbpedia_3072+7.1m_218+ft_id_686,0.4444444444444444
ft_id_997+dbpedia_3316+7.1m_5903,0.4444444444444444
dbpedia_557+7.1m_4439+ft_id_729,0.4444444444444444
ft_id_1536+dbpedia_6675+7.1m_6939,0.4444444444444444
7.1m_63+dbpedia_5417+ft_id_75,0.4444444444444444
7.1m_1100+dbpedia_5757+ft_id_1464,0.4444444444444444
dbpedia_4602+7.1m_3453+ft_id_1100,0.4444444444444444
7.1m_3983+dbpedia_2482+ft_id_490,0.4444444444444444
7.1m_205+dbpedia_4326+ft_id_284,0.4444444444444444
ft_id_613+dbpedia_781+7.1m_164,0.4444444444444444
ft_id_1613+dbpedia_907+7.1m_5718,0.4444444444444444
7.1m_2412+ft_id_479+7.1m_34+dbpedia_4373,0.4444444444444444
ft_id_127+dbpedia_4721+7.1m_508,0.4444444444444444
ft_id_1395+dbpedia_5356+7.1m_4925,0.4444444444444444
dbpedia_1604+7.1m_1356+ft_id_273,0.4444444444444444
dbpedia_5334+7.1m_49+ft_id_21,0.4444444444444444
dbpedia_3868+ft_id_409+7.1m_179,0.4444444444444444
dbpedia_3711+7.1m_340+ft_id_629,0.4444444444444444
dbpedia_2304+ft_id_1247+7.1m_651,0.4444444444444444
7.1m_46+dbpedia_3411+ft_id_42,0.4444444444444444
7.1m_1141+ft_id_983+dbpedia_5302,0.4444444444444444
7.1m_2422+dbpedia_4720+ft_id_1394,0.4444444444444444
ft_id_1767+7.1m_1132+dbpedia_257+7.1m_5292,0.4444444444444444
7.1m_3226+dbpedia_6248+ft_id_959,0.4444444444444444
7.1m_4742+ft_id_313+dbpedia_786,0.4444444444444444
ft_id_544+dbpedia_355+7.1m_240,0.4444444444444444
dbpedia_178+7.1m_2562+ft_id_1241,0.4444444444444444
dbpedia_6576+7.1m_47+ft_id_124,0.4444444444444444
dbpedia_5753+ft_id_460+7.1m_144,0.4444444444444444
ft_id_500+dbpedia_735+7.1m_420,0.4444444444444444
dbpedia_990+7.1m_5919+ft_id_1278,0.4444444444444444
ft_id_885+dbpedia_3547+7.1m_4175,0.4444444444444444
dbpedia_2244+ft_id_670+7.1m_4490,0.4444444444444444
dbpedia_4533+7.1m_738+ft_id_907,0.4444444444444444
dbpedia_6554+7.1m_2472+ft_id_640,0.4444444444444444
7.1m_2530+ft_id_696+dbpedia_4521,0.4444444444444444
dbpedia_3621+7.1m_16+ft_id_8,0.4444444444444444
ft_id_1710+7.1m_326+dbpedia_2189,0.4444444444444444
dbpedia_4171+7.1m_1770+ft_id_1234,0.4444444444444444
ft_id_676+7.1m_1041+dbpedia_1847,0.4444444444444444
7.1m_87+ft_id_38+dbpedia_3266,0.4444444444444444
7.1m_1947+ft_id_1882+dbpedia_2939,0.4444444444444444
dbpedia_2411+ft_id_1225+7.1m_3008,0.4444444444444444
7.1m_6136+dbpedia_5963+ft_id_1576,0.4444444444444444
ft_id_247+dbpedia_2412+7.1m_2237,0.4444444444444444
dbpedia_636+ft_id_484+7.1m_1525,0.4444444444444444
ft_id_1198+dbpedia_5981+7.1m_4912,0.4444444444444444
7.1m_62+dbpedia_1325+ft_id_35,0.4444444444444444
ft_id_83+dbpedia_4114+7.1m_365,0.4444444444444444
ft_id_594+7.1m_793+dbpedia_4582,0.4444444444444444
dbpedia_1139+ft_id_1654+7.1m_6956,0.4444444444444444
ft_id_175+7.1m_2634+dbpedia_2062,0.4444444444444444
7.1m_5785+ft_id_187+7.1m_320+dbpedia_2827,0.4444444444444444
ft_id_318+7.1m_814+dbpedia_1175,0.4444444444444444
ft_id_567+dbpedia_2106+7.1m_1315,0.4444444444444444
ft_id_1373+dbpedia_1671+7.1m_1946,0.4444444444444444
ft_id_1459+dbpedia_4070+7.1m_244,0.4444444444444444
dbpedia_1117+7.1m_229+ft_id_162,0.4444444444444444
dbpedia_1833+7.1m_628+ft_id_807,0.4444444444444444
7.1m_4165+ft_id_1774+dbpedia_1738,0.4444444444444444
ft_id_878+7.1m_6701+dbpedia_4166,0.4444444444444444
ft_id_789+dbpedia_6546+7.1m_1969,0.4444444444444444
7.1m_2773+7.1m_5227+7.1m_1086+7.1m_2198+7.1m_2451+ft_id_771+ft_id_193+dbpedia_3914+ft_id_400+7.1m_160+7.1m_848+7.1m_1339+dbpedia_415+ft_id_619+7.1m_3844,0.45723905723905733
ft_id_1039+7.1m_6677+7.1m_1960+7.1m_4078+ft_id_485+ft_id_1551+ft_id_274+7.1m_2492+7.1m_7075+ft_id_790+ft_id_1354+7.1m_564+ft_id_900+dbpedia_4614+ft_id_1280+dbpedia_1110+7.1m_3878+ft_id_847+7.1m_3656+7.1m_6725+7.1m_2459,0.4598242983175903
7.1m_5446+ft_id_1714+ft_id_1371+7.1m_6168+dbpedia_4995+7.1m_3372+dbpedia_4021+ft_id_194,0.46111111111111114
ft_id_976+7.1m_637+dbpedia_6018+dbpedia_4115,0.4629629629629629
dbpedia_3748+dbpedia_3749+7.1m_5313+ft_id_1086,0.4629629629629629
7.1m_2453+dbpedia_3725+ft_id_341+7.1m_1324,0.4629629629629629
7.1m_86+dbpedia_2660+7.1m_4815+ft_id_98,0.4629629629629629
7.1m_961+dbpedia_1723+dbpedia_1066+ft_id_30,0.4629629629629629
dbpedia_100+7.1m_4521+dbpedia_2058+ft_id_7,0.4629629629629629
dbpedia_6220+dbpedia_3107+7.1m_439+ft_id_55,0.4629629629629629
ft_id_872+dbpedia_235+7.1m_639+dbpedia_2185,0.4629629629629629
ft_id_144+dbpedia_2134+7.1m_2788+dbpedia_3396,0.4629629629629629
7.1m_422+ft_id_546+dbpedia_6+7.1m_923+ft_id_221+dbpedia_2265+ft_id_639+7.1m_168,0.4740740740740741
7.1m_2322+dbpedia_4045+ft_id_1279,0.48148148148148145
ft_id_135+dbpedia_6858+7.1m_3217,0.48148148148148145
ft_id_1623+7.1m_2223+dbpedia_4395,0.48148148148148145
dbpedia_650+7.1m_5163+ft_id_1026,0.48148148148148145
ft_id_305+dbpedia_2930+7.1m_4571,0.48148148148148145
7.1m_4972+ft_id_921+dbpedia_1774,0.48148148148148145
ft_id_1496+7.1m_1698+dbpedia_5808,0.48148148148148145
dbpedia_110+7.1m_2187+ft_id_294,0.48148148148148145
ft_id_526+dbpedia_471+7.1m_2523+dbpedia_3629,0.48148148148148157
dbpedia_5394+dbpedia_5393+dbpedia_1643+dbpedia_1644+dbpedia_2268+dbpedia_988+ft_id_1352+dbpedia_6627+dbpedia_2917+dbpedia_989,0.48750000000000004
7.1m_5446+ft_id_1714+ft_id_1371+7.1m_6168+dbpedia_4021,0.4962962962962963
dbpedia_12+ft_id_1561+7.1m_6261,0.49999999999999994
ft_id_1414+dbpedia_4886+7.1m_386,0.49999999999999994
ft_id_1039+ft_id_1280+ft_id_485+7.1m_2492+7.1m_7075+7.1m_3878+ft_id_847+7.1m_3656+7.1m_564+7.1m_2459,0.5
7.1m_3047+ft_id_660,0.5
7.1m_559+dbpedia_5217+7.1m_1373+ft_id_451,0.5
dbpedia_5902+ft_id_362,0.5
7.1m_6910+ft_id_1219+7.1m_739+ft_id_1163+7.1m_5636,0.5
7.1m_3608+ft_id_173+ft_id_1146+ft_id_1588,0.5
7.1m_6910+ft_id_1712+ft_id_1219+7.1m_739+ft_id_1163+7.1m_1172+7.1m_6390+7.1m_5636,0.5079365079365079
dbpedia_6+ft_id_221+7.1m_168,0.5185185185185185
ft_id_1722+7.1m_5237+ft_id_378+7.1m_1822+7.1m_3777+7.1m_2877,0.5185185185185185
ft_id_214+7.1m_306+7.1m_3475+dbpedia_4005,0.5185185185185185
7.1m_469+ft_id_125+7.1m_2440+dbpedia_6690,0.5185185185185186
dbpedia_906+dbpedia_6562+dbpedia_905+dbpedia_4656+dbpedia_2202+dbpedia_5964+ft_id_255,0.5238095238095238
dbpedia_4271+7.1m_3595+7.1m_109+ft_id_683,0.537037037037037
dbpedia_5636+ft_id_1383+7.1m_2967,0.5555555555555555
dbpedia_4628+ft_id_864+7.1m_5340,0.5555555555555556
dbpedia_2675+ft_id_581,0.5555555555555556
7.1m_4730+ft_id_1928+dbpedia_5378,0.5555555555555556
7.1m_3653+dbpedia_1553+ft_id_958,0.5555555555555556
7.1m_3037+ft_id_421+dbpedia_4563,0.5555555555555556
dbpedia_5592+ft_id_1679+7.1m_2778,0.5555555555555556
7.1m_532+ft_id_623+dbpedia_3757,0.5555555555555556
dbpedia_1237+ft_id_694+7.1m_6023,0.5555555555555556
ft_id_224+dbpedia_1194+7.1m_189,0.5555555555555556
7.1m_6578+ft_id_1173+dbpedia_3552,0.5555555555555556
7.1m_1484+ft_id_320+dbpedia_5256,0.5555555555555556
ft_id_501+dbpedia_4877+7.1m_431,0.5555555555555556
7.1m_6677+7.1m_4078+dbpedia_1110+ft_id_1551+ft_id_1354+7.1m_6725,0.5555555555555556
ft_id_467+dbpedia_6042+7.1m_1931,0.5555555555555556
ft_id_1668+7.1m_4860+dbpedia_2366,0.5555555555555556
dbpedia_5081+ft_id_143+7.1m_3848,0.5555555555555556
7.1m_401+dbpedia_5825+ft_id_690,0.5555555555555556
7.1m_2505+ft_id_717+dbpedia_3839,0.5555555555555556
ft_id_679+dbpedia_6005+7.1m_380,0.5555555555555556
7.1m_1097+ft_id_487+dbpedia_664,0.5555555555555556
7.1m_140+dbpedia_4278+ft_id_14,0.5555555555555556
7.1m_446+dbpedia_1982+ft_id_263,0.5555555555555556
7.1m_1255+dbpedia_1597+ft_id_1268,0.5555555555555556
ft_id_1776+dbpedia_2838+7.1m_2536,0.5555555555555556
ft_id_998+dbpedia_6325+7.1m_1623,0.5555555555555556
7.1m_4006+ft_id_1340+dbpedia_5157,0.5555555555555556
ft_id_843+dbpedia_377+7.1m_2305,0.5555555555555556
dbpedia_2674+7.1m_2+ft_id_182,0.5555555555555556
7.1m_2583+ft_id_1450+dbpedia_5,0.5555555555555556
7.1m_4711+ft_id_303,0.5555555555555556
ft_id_1238+dbpedia_135+7.1m_1091,0.5555555555555556
ft_id_317+7.1m_776+dbpedia_2742,0.5555555555555556
dbpedia_3172+7.1m_8+ft_id_11,0.5555555555555556
dbpedia_142+ft_id_711+7.1m_194,0.5555555555555556
7.1m_127+ft_id_64+dbpedia_2142,0.5555555555555556
7.1m_184+dbpedia_966+ft_id_31,0.5555555555555556
7.1m_75+ft_id_423+dbpedia_2788,0.5555555555555556
7.1m_21+dbpedia_6760+ft_id_77,0.5555555555555556
7.1m_106+dbpedia_402+ft_id_76,0.5555555555555556
ft_id_289+7.1m_196+dbpedia_998,0.5555555555555556
7.1m_279+ft_id_248+dbpedia_522,0.5555555555555556
7.1m_5876+ft_id_701+dbpedia_5515,0.5555555555555556
7.1m_755+dbpedia_311+ft_id_1174,0.5555555555555556
7.1m_3685+ft_id_1428+dbpedia_1350,0.5555555555555556
7.1m_97+dbpedia_3630+ft_id_154,0.5555555555555556
ft_id_747+dbpedia_6579+7.1m_4680,0.5555555555555556
dbpedia_1944+7.1m_447+ft_id_551,0.5555555555555556
dbpedia_2779+7.1m_2814+ft_id_749,0.5555555555555556
ft_id_967+dbpedia_750+7.1m_593,0.5555555555555556
ft_id_599+dbpedia_3385+7.1m_300,0.5555555555555556
7.1m_319+dbpedia_3928+ft_id_66,0.5555555555555556
7.1m_307+dbpedia_5446+ft_id_1231,0.5555555555555556
dbpedia_3062+7.1m_659+ft_id_266,0.5555555555555556
dbpedia_6243+7.1m_7+ft_id_22,0.5555555555555556
ft_id_218+7.1m_5776,0.5555555555555556
7.1m_558+dbpedia_4587+ft_id_172,0.5555555555555556
ft_id_536+dbpedia_5504+7.1m_1548,0.5555555555555556
7.1m_620+dbpedia_66+ft_id_283,0.5555555555555556
7.1m_3904+ft_id_1045+dbpedia_5123,0.5555555555555556
7.1m_2277+ft_id_1503+dbpedia_2820,0.5555555555555556
ft_id_531+7.1m_372+dbpedia_924,0.5555555555555556
ft_id_1316+7.1m_6033+dbpedia_3162,0.5555555555555556
7.1m_3840+dbpedia_2279+ft_id_1573,0.5555555555555556
dbpedia_1689+ft_id_547+7.1m_1242,0.5555555555555556
ft_id_348+dbpedia_5413+7.1m_375,0.5555555555555556
ft_id_347+7.1m_55+dbpedia_2042,0.5555555555555556
7.1m_356+ft_id_329+dbpedia_3532,0.5555555555555556
ft_id_1221+7.1m_1627+dbpedia_5473,0.5555555555555556
dbpedia_3812+7.1m_129+ft_id_196,0.5555555555555556
7.1m_5976+ft_id_1006+dbpedia_6192,0.5555555555555556
ft_id_316+dbpedia_853+7.1m_1511,0.5555555555555556
ft_id_432+dbpedia_3410+7.1m_872,0.5555555555555556
dbpedia_2932+ft_id_985+7.1m_1841,0.5555555555555556
7.1m_1383+ft_id_1893+7.1m_2039+ft_id_924,0.5555555555555556
7.1m_203+ft_id_105+7.1m_6550,0.5555555555555556
dbpedia_3490+ft_id_463+7.1m_1139,0.5555555555555556
7.1m_3709+dbpedia_3321+ft_id_163,0.5555555555555556
ft_id_1127+dbpedia_4610+7.1m_1513,0.5555555555555556
dbpedia_352+ft_id_565+7.1m_332,0.5555555555555556
7.1m_966+ft_id_312+dbpedia_816,0.5555555555555556
7.1m_312+dbpedia_1035+ft_id_209,0.5555555555555556
dbpedia_5490+7.1m_678+ft_id_1265,0.5555555555555556
7.1m_468+ft_id_712+dbpedia_5134,0.5555555555555556
7.1m_1660+ft_id_361+dbpedia_6708,0.5555555555555556
7.1m_6220+7.1m_5295+ft_id_1275,0.5555555555555556
ft_id_111+dbpedia_314+7.1m_163,0.5555555555555556
7.1m_2728+dbpedia_6270+ft_id_859,0.5555555555555556
ft_id_369+dbpedia_6091+7.1m_4828,0.5555555555555556
7.1m_1597+ft_id_1946+7.1m_2539+ft_id_882+7.1m_2282,0.5555555555555556
7.1m_3141+dbpedia_5620+ft_id_1585,0.5555555555555556
ft_id_1838+7.1m_1958+dbpedia_1969,0.5555555555555556
ft_id_225+dbpedia_72+7.1m_68,0.5555555555555556
dbpedia_5251+ft_id_430+7.1m_609,0.5555555555555556
dbpedia_6585+ft_id_793+7.1m_4780,0.5555555555555556
dbpedia_2620+ft_id_1781+7.1m_2216,0.5555555555555556
ft_id_73+7.1m_175+dbpedia_5684,0.5555555555555556
ft_id_1204+7.1m_556+dbpedia_6444,0.5555555555555556
7.1m_126+dbpedia_4800+ft_id_202,0.5555555555555556
7.1m_989+dbpedia_5821+ft_id_1273,0.5555555555555556
7.1m_76+ft_id_101+dbpedia_1470,0.5555555555555556
7.1m_1273+ft_id_909+dbpedia_3261,0.5555555555555556
dbpedia_20+7.1m_1265+ft_id_602,0.5555555555555556
7.1m_851+ft_id_1847+dbpedia_399,0.5555555555555556
ft_id_922+7.1m_2057+7.1m_5153,0.5555555555555556
7.1m_4885+ft_id_871+dbpedia_5752,0.5555555555555556
7.1m_33+dbpedia_2762+ft_id_429,0.5555555555555556
dbpedia_3348+7.1m_2608+ft_id_817,0.5555555555555556
dbpedia_5109+ft_id_132+7.1m_146,0.5555555555555556
ft_id_667+7.1m_1212+dbpedia_727,0.5555555555555556
dbpedia_6679+ft_id_1295+7.1m_7231,0.5555555555555556
ft_id_200+dbpedia_2641+7.1m_255,0.5555555555555556
ft_id_896+dbpedia_3536+7.1m_751,0.5555555555555556
dbpedia_265+ft_id_45+7.1m_48,0.5555555555555556
dbpedia_3329+7.1m_509+ft_id_286,0.5555555555555556
7.1m_317+ft_id_1066,0.5555555555555556
ft_id_206+7.1m_1110+dbpedia_1236,0.5555555555555556
ft_id_49+dbpedia_1366+7.1m_67,0.5555555555555556
ft_id_522+7.1m_25+dbpedia_4098,0.5555555555555556
ft_id_18+7.1m_1912,0.5555555555555556
dbpedia_3574+7.1m_3208+ft_id_869,0.5555555555555556
dbpedia_791+7.1m_1198+ft_id_65,0.5555555555555556
7.1m_41+dbpedia_5696+ft_id_85,0.5555555555555556
7.1m_688+ft_id_358+dbpedia_5763,0.5555555555555556
ft_id_1163+7.1m_5636,0.5555555555555556
dbpedia_6678+ft_id_34+7.1m_253,0.5555555555555556
ft_id_50+dbpedia_5644,0.5555555555555556
dbpedia_6697+7.1m_1270+ft_id_705,0.5555555555555556
7.1m_5888+ft_id_788+7.1m_5371,0.5555555555555556
dbpedia_1538+7.1m_2763+ft_id_993,0.5555555555555556
ft_id_1699+7.1m_4849+dbpedia_1172,0.5555555555555556
ft_id_649+7.1m_7094,0.5555555555555556
dbpedia_2600+7.1m_1939+ft_id_1487,0.5555555555555556
7.1m_40+ft_id_68+dbpedia_5891,0.5555555555555556
7.1m_603+ft_id_972+dbpedia_2662,0.5555555555555556
dbpedia_681+7.1m_58+ft_id_272,0.5555555555555556
ft_id_1372+dbpedia_910+7.1m_808,0.5555555555555556
ft_id_964+dbpedia_6794+7.1m_6443,0.5555555555555556
7.1m_6579+ft_id_1076,0.5555555555555556
dbpedia_1659+ft_id_201+7.1m_93,0.5555555555555556
7.1m_2167+ft_id_1727+dbpedia_4873,0.5555555555555556
ft_id_167+dbpedia_6282+7.1m_102,0.5555555555555556
7.1m_367+ft_id_84+dbpedia_748,0.5555555555555556
ft_id_336+dbpedia_1791+7.1m_1217,0.5555555555555556
7.1m_65+ft_id_67+dbpedia_4331,0.5555555555555556
7.1m_2169+ft_id_298+dbpedia_1034,0.5555555555555556
ft_id_436+dbpedia_2047+7.1m_266,0.5555555555555556
ft_id_389+7.1m_4980+dbpedia_1033,0.5555555555555556
dbpedia_6672+7.1m_507+ft_id_596,0.5555555555555556
7.1m_1174+dbpedia_1346+ft_id_1363,0.5555555555555556
ft_id_457+dbpedia_3962+7.1m_2106,0.5555555555555556
7.1m_2174+ft_id_1919,0.5555555555555556
7.1m_1551+dbpedia_3133+ft_id_1124,0.5555555555555556
ft_id_205+7.1m_3948,0.5555555555555556
ft_id_1050+7.1m_3068+dbpedia_3027,0.5555555555555556
7.1m_1284+ft_id_842+dbpedia_5353,0.5555555555555556
ft_id_485+7.1m_564,0.5555555555555556
7.1m_844+ft_id_808,0.5555555555555556
7.1m_3971+dbpedia_6345+ft_id_620,0.5555555555555556
dbpedia_3588+7.1m_1863+ft_id_1203,0.5555555555555556
7.1m_458+ft_id_583+dbpedia_2892,0.5555555555555556
ft_id_301+dbpedia_2818+7.1m_60,0.5555555555555556
7.1m_259+dbpedia_4090+ft_id_112,0.5555555555555556
7.1m_246+ft_id_227+dbpedia_5182,0.5555555555555556
ft_id_742+7.1m_5020,0.5555555555555556
7.1m_4301+dbpedia_322+ft_id_1011,0.5555555555555556
7.1m_831+ft_id_1529+dbpedia_4571,0.5555555555555556
7.1m_114+ft_id_615+dbpedia_124,0.5555555555555556
ft_id_1747+dbpedia_5401+7.1m_2526,0.5555555555555556
ft_id_249+7.1m_1146+dbpedia_4601,0.5555555555555556
7.1m_4127+7.1m_3831+dbpedia_301+7.1m_7132+ft_id_41+7.1m_113+7.1m_1502,0.5555555555555557
dbpedia_5480+dbpedia_4229+dbpedia_2994+ft_id_1169+dbpedia_2360,0.5555555555555557
ft_id_439+7.1m_1320+dbpedia_742+7.1m_3143,0.574074074074074
ft_id_569+7.1m_844+7.1m_1728+7.1m_1859+ft_id_808,0.577777777777778
7.1m_6438+ft_id_1096+dbpedia_5469,0.5925925925925926
dbpedia_6133+7.1m_623+dbpedia_2777+ft_id_598,0.5925925925925926
dbpedia_3703+ft_id_1297+7.1m_473,0.5925925925925926
dbpedia_2877+ft_id_100+7.1m_344,0.5925925925925926
ft_id_466+dbpedia_3025+7.1m_5393,0.5925925925925926
dbpedia_6456+7.1m_911+ft_id_1224,0.5925925925925926
dbpedia_5734+7.1m_481+ft_id_110,0.5925925925925926
7.1m_2275+ft_id_452+dbpedia_5662,0.5925925925925926
ft_id_952+dbpedia_5896+7.1m_1955,0.5925925925925926
ft_id_733+7.1m_5278+dbpedia_2144,0.5925925925925926
ft_id_326+dbpedia_4338+7.1m_3926,0.5925925925925926
7.1m_6992+ft_id_331+dbpedia_4763,0.5925925925925926
dbpedia_718+ft_id_532+7.1m_1405,0.5925925925925926
dbpedia_3209+ft_id_1063+7.1m_517,0.5925925925925926
7.1m_3992+ft_id_1195+dbpedia_4006+ft_id_1244,0.5925925925925926
ft_id_1449+7.1m_3576+dbpedia_4499+7.1m_5260,0.5925925925925926
ft_id_1734+dbpedia_3096+7.1m_552,0.5925925925925926
7.1m_5227+7.1m_2198+7.1m_2451+ft_id_193+7.1m_3844,0.6000000000000001
ft_id_1975+ft_id_1391+ft_id_256+7.1m_924+ft_id_1771+ft_id_593+ft_id_1698,0.6000000000000001
ft_id_1898+7.1m_4870+7.1m_4395+7.1m_4833+7.1m_2657,0.6000000000000001
7.1m_6249+ft_id_1959,0.625
ft_id_1799+dbpedia_5508+dbpedia_4247,0.6296296296296295
dbpedia_6673+ft_id_861+dbpedia_4783,0.6296296296296295
dbpedia_22+dbpedia_3843+ft_id_1186,0.6296296296296295
ft_id_1402+dbpedia_646+dbpedia_5685,0.6296296296296295
dbpedia_483+ft_id_1427+dbpedia_5525,0.6296296296296295
dbpedia_485+dbpedia_4880+ft_id_380,0.6296296296296295
ft_id_548+dbpedia_2923+dbpedia_2283,0.6296296296296295
ft_id_1194+dbpedia_811+dbpedia_3352,0.6296296296296295
dbpedia_346+dbpedia_997+ft_id_1243,0.6296296296296295
ft_id_543+dbpedia_2995+dbpedia_6715,0.6296296296296295
dbpedia_3559+dbpedia_4772+ft_id_292,0.6296296296296295
dbpedia_3867+ft_id_288+dbpedia_5761,0.6296296296296295
ft_id_652+dbpedia_6743+dbpedia_3026,0.6296296296296295
dbpedia_5409+dbpedia_2933+ft_id_1360,0.6296296296296295
ft_id_61+dbpedia_3021+dbpedia_6739,0.6296296296296295
dbpedia_53+dbpedia_2018+ft_id_881,0.6296296296296295
dbpedia_4423+ft_id_1262+dbpedia_4422,0.6296296296296295
dbpedia_2913+ft_id_863+dbpedia_4143,0.6296296296296295
dbpedia_4846+dbpedia_1076+ft_id_1000,0.6296296296296295
dbpedia_1563+dbpedia_5313+ft_id_739,0.6296296296296295
dbpedia_5327+ft_id_1242+dbpedia_3464,0.6296296296296295
dbpedia_5380+dbpedia_5379+ft_id_1033,0.6296296296296295
ft_id_720+dbpedia_5676+dbpedia_5675,0.6296296296296295
ft_id_82+dbpedia_2233+dbpedia_2234,0.6296296296296295
ft_id_332+dbpedia_5114+7.1m_1150,0.6296296296296297
ft_id_310+dbpedia_1153+7.1m_693,0.6296296296296297
dbpedia_6693+7.1m_645+ft_id_141,0.6296296296296297
ft_id_1128+7.1m_1393+dbpedia_466,0.6296296296296297
ft_id_91+7.1m_3097+7.1m_2623+7.1m_6480,0.6388888888888888
dbpedia_3498+ft_id_507,0.6428571428571429
dbpedia_2986+ft_id_1685+dbpedia_1707,0.648148148148148
ft_id_625+dbpedia_6563+dbpedia_3457,0.648148148148148
ft_id_39+7.1m_66,0.6666666666666666
ft_id_384+7.1m_1,0.6666666666666666
ft_id_553+dbpedia_5046+7.1m_550,0.6666666666666666
7.1m_434+ft_id_94,0.6666666666666666
ft_id_710+7.1m_829,0.6666666666666666
ft_id_1823+7.1m_4960,0.6666666666666666
7.1m_2236+ft_id_1040,0.6666666666666666
7.1m_6132+ft_id_271,0.6666666666666666
7.1m_6247+ft_id_1355,0.6666666666666666
ft_id_1418+dbpedia_3247+7.1m_1632,0.6666666666666666
7.1m_2751+ft_id_769+ft_id_1896,0.6666666666666666
ft_id_1732+7.1m_4151,0.6666666666666666
7.1m_2113+ft_id_975+dbpedia_5513,0.6666666666666666
ft_id_1041+7.1m_3658,0.6666666666666666
7.1m_1046+ft_id_1097,0.6666666666666666
7.1m_214+ft_id_524,0.6666666666666666
7.1m_42+ft_id_149,0.6666666666666666
ft_id_1164+7.1m_2721,0.6666666666666666
7.1m_408+ft_id_297,0.6666666666666666
7.1m_994+ft_id_165,0.6666666666666666
7.1m_3511+ft_id_930,0.6666666666666666
ft_id_469+7.1m_585,0.6666666666666666
ft_id_1154+7.1m_487,0.6666666666666666
7.1m_555+ft_id_1772,0.6666666666666666
7.1m_3071+ft_id_1686,0.6666666666666666
7.1m_4078+ft_id_1551,0.6666666666666666
dbpedia_6311+7.1m_933+ft_id_213,0.6666666666666666
ft_id_1022+7.1m_1522,0.6666666666666666
7.1m_43+ft_id_15,0.6666666666666666
7.1m_162+ft_id_121+dbpedia_3849,0.6666666666666666
7.1m_281+ft_id_431,0.6666666666666666
ft_id_538+7.1m_13,0.6666666666666666
ft_id_170+7.1m_726,0.6666666666666666
7.1m_843+ft_id_120,0.6666666666666666
7.1m_1185+ft_id_1453,0.6666666666666666
ft_id_19+7.1m_9,0.6666666666666666
7.1m_834+ft_id_1155,0.6666666666666666
7.1m_576+dbpedia_740+ft_id_364,0.6666666666666666
7.1m_1374+ft_id_455,0.6666666666666666
ft_id_118+7.1m_220,0.6666666666666666
ft_id_368+7.1m_1724,0.6666666666666666
ft_id_1680+7.1m_6250,0.6666666666666666
ft_id_211+7.1m_145,0.6666666666666666
7.1m_3306+ft_id_1885,0.6666666666666666
ft_id_1069+7.1m_410,0.6666666666666666
ft_id_1208+7.1m_2572,0.6666666666666666
ft_id_552+7.1m_142,0.6666666666666666
7.1m_1905+ft_id_941+dbpedia_4793,0.6666666666666666
ft_id_1197+7.1m_3180,0.6666666666666666
ft_id_595+7.1m_254+dbpedia_6917,0.6666666666666666
ft_id_1369+7.1m_6688,0.6666666666666666
ft_id_784+dbpedia_5514+7.1m_6551,0.6666666666666666
7.1m_4750+ft_id_146,0.6666666666666666
ft_id_1556+7.1m_6710,0.6666666666666666
7.1m_272+ft_id_63,0.6666666666666666
ft_id_1227+7.1m_5071,0.6666666666666666
ft_id_92+7.1m_539,0.6666666666666666
ft_id_953+7.1m_1444,0.6666666666666666
7.1m_6455+ft_id_1131,0.6666666666666666
dbpedia_4567+7.1m_3193+ft_id_1684,0.6666666666666666
7.1m_2753+ft_id_396+7.1m_245,0.6666666666666666
ft_id_989+7.1m_3696,0.6666666666666666
ft_id_1081+7.1m_1665,0.6666666666666666
dbpedia_5096+7.1m_115+ft_id_1785,0.6666666666666666
ft_id_1501+7.1m_2406,0.6666666666666666
7.1m_6853+ft_id_397,0.6666666666666666
ft_id_229+7.1m_1126,0.6666666666666666
ft_id_1524+7.1m_3774+7.1m_2174+ft_id_1919,0.6666666666666666
ft_id_1290+7.1m_1241,0.6666666666666666
7.1m_1098+ft_id_373,0.6666666666666666
ft_id_179+7.1m_1029,0.6666666666666666
7.1m_5760+ft_id_1681,0.6666666666666666
7.1m_3168+ft_id_1015,0.6666666666666666
7.1m_4611+ft_id_1235,0.6666666666666666
ft_id_850+7.1m_3745,0.6666666666666666
7.1m_664+7.1m_5689+ft_id_450+dbpedia_3829,0.6851851851851851
ft_id_267+7.1m_2165+dbpedia_5512+7.1m_288,0.6851851851851852
dbpedia_2638+ft_id_1800,0.6875
ft_id_1968+dbpedia_6009,0.6875
dbpedia_649+ft_id_372,0.6875
dbpedia_660+ft_id_1890,0.6875
dbpedia_2257+ft_id_1166,0.6875
ft_id_1916+dbpedia_5310,0.6875
ft_id_1986+dbpedia_145,0.6875
7.1m_631+7.1m_4875+ft_id_410,0.7037037037037037
7.1m_3064+ft_id_1652+dbpedia_6582,0.7037037037037037
7.1m_89+ft_id_230+7.1m_7021,0.7037037037037037
7.1m_654+ft_id_62+7.1m_77,0.7037037037037037
7.1m_4046+ft_id_697+dbpedia_754+dbpedia_3891,0.7037037037037037
ft_id_1343+dbpedia_1490,0.7222222222222222
ft_id_1624+dbpedia_3607,0.7222222222222222
dbpedia_3715+ft_id_1285,0.7222222222222222
dbpedia_5622+ft_id_164,0.7222222222222222
ft_id_1860+dbpedia_68,0.7222222222222222
dbpedia_6785+ft_id_1253,0.7222222222222222
ft_id_722+dbpedia_6277,0.7222222222222222
dbpedia_3535+ft_id_1266,0.7222222222222222
ft_id_1528+dbpedia_6643,0.7222222222222222
ft_id_600+dbpedia_6434,0.7222222222222222
ft_id_1706+dbpedia_2172,0.7222222222222222
dbpedia_1256+ft_id_518,0.7222222222222222
dbpedia_4609+ft_id_161,0.7222222222222222
ft_id_428+dbpedia_3161,0.7222222222222222
dbpedia_2899+ft_id_520,0.7222222222222222
dbpedia_2846+ft_id_671,0.7222222222222222
dbpedia_825+ft_id_1499,0.7222222222222222
ft_id_758+dbpedia_4806,0.7222222222222222
ft_id_203+dbpedia_3279,0.7222222222222222
dbpedia_6547+ft_id_1839,0.7222222222222222
dbpedia_5971+ft_id_480,0.7222222222222222
dbpedia_6841+ft_id_343,0.7222222222222222
dbpedia_6117+ft_id_418,0.7222222222222222
ft_id_1474+dbpedia_3484,0.7222222222222222
ft_id_1509+dbpedia_1916,0.7222222222222222
dbpedia_5590+ft_id_609,0.7222222222222222
ft_id_1336+dbpedia_1731,0.7222222222222222
ft_id_1991+dbpedia_2430,0.7222222222222222
dbpedia_908+ft_id_607,0.7222222222222222
ft_id_646+dbpedia_6612,0.7222222222222222
dbpedia_6773+ft_id_1378,0.7222222222222222
ft_id_216+dbpedia_1708,0.7222222222222222
ft_id_810+dbpedia_3834,0.7222222222222222
ft_id_1627+dbpedia_2447,0.7222222222222222
dbpedia_4382+ft_id_714,0.7222222222222222
ft_id_1314+dbpedia_5846,0.7222222222222222
ft_id_181+dbpedia_3015,0.7222222222222222
ft_id_648+dbpedia_6014,0.7222222222222222
dbpedia_241+ft_id_1935,0.7222222222222222
ft_id_302+dbpedia_537,0.7222222222222222
ft_id_1926+dbpedia_3561,0.7222222222222222
ft_id_411+dbpedia_2630,0.7222222222222222
dbpedia_1319+ft_id_1522,0.7222222222222222
ft_id_1628+dbpedia_4141,0.7222222222222222
ft_id_833+dbpedia_1125,0.7222222222222222
ft_id_0+dbpedia_409,0.7222222222222222
ft_id_813+dbpedia_6430,0.7222222222222222
dbpedia_5613+ft_id_1103,0.7222222222222222
ft_id_735+dbpedia_6615,0.7222222222222222
dbpedia_5335+ft_id_1456,0.7222222222222222
dbpedia_498+ft_id_435,0.7222222222222222
ft_id_1436+dbpedia_4274,0.7222222222222222
ft_id_577+dbpedia_203,0.7222222222222222
ft_id_665+dbpedia_359,0.7222222222222222
ft_id_1872+dbpedia_1193,0.7222222222222222
dbpedia_5259+ft_id_606,0.7222222222222222
dbpedia_4202+ft_id_1375,0.7222222222222222
dbpedia_711+ft_id_1432,0.7222222222222222
dbpedia_2680+ft_id_1301,0.7222222222222222
ft_id_367+dbpedia_5332,0.7222222222222222
ft_id_1190+dbpedia_6235,0.7222222222222222
dbpedia_5336+ft_id_365,0.7222222222222222
ft_id_876+dbpedia_4725,0.7222222222222222
ft_id_1638+dbpedia_270,0.7222222222222222
dbpedia_4637+ft_id_721,0.7222222222222222
dbpedia_436+ft_id_1038,0.7222222222222222
ft_id_456+dbpedia_2905,0.7222222222222222
dbpedia_5360+ft_id_314,0.7222222222222222
ft_id_657+dbpedia_3384,0.7222222222222222
dbpedia_3182+ft_id_969,0.7222222222222222
dbpedia_3115+ft_id_815,0.7222222222222222
ft_id_778+dbpedia_1031,0.7222222222222222
dbpedia_1701+ft_id_1420,0.7222222222222222
ft_id_523+dbpedia_1386,0.7222222222222222
ft_id_777+dbpedia_2975,0.7222222222222222
dbpedia_2192+ft_id_1793,0.7222222222222222
ft_id_1515+dbpedia_836,0.7222222222222222
ft_id_433+dbpedia_2947,0.7222222222222222
dbpedia_5729+ft_id_1382,0.7222222222222222
dbpedia_6242+ft_id_499,0.7222222222222222
ft_id_1557+dbpedia_28,0.7222222222222222
dbpedia_992+ft_id_1691,0.7222222222222222
ft_id_752+dbpedia_521,0.7222222222222222
ft_id_1940+dbpedia_3816,0.7222222222222222
dbpedia_1469+ft_id_142,0.7222222222222222
ft_id_785+dbpedia_1672,0.7222222222222222
dbpedia_224+ft_id_1950,0.7222222222222222
ft_id_1854+dbpedia_4623,0.7222222222222222
ft_id_145+dbpedia_5489,0.7222222222222222
ft_id_275+dbpedia_6816,0.7222222222222222
ft_id_1546+dbpedia_2596,0.7222222222222222
ft_id_1443+dbpedia_2926,0.7222222222222222
ft_id_1439+dbpedia_4939,0.7222222222222222
dbpedia_4537+ft_id_134,0.7222222222222222
dbpedia_3070+ft_id_482,0.7222222222222222
ft_id_339+dbpedia_5445,0.7222222222222222
ft_id_966+dbpedia_5944,0.7222222222222222
ft_id_1901+dbpedia_6259,0.7222222222222222
dbpedia_2455+ft_id_1840,0.7222222222222222
ft_id_1639+dbpedia_2949,0.7222222222222222
dbpedia_3390+ft_id_1934,0.7222222222222222
ft_id_40+dbpedia_6284,0.7222222222222222
ft_id_1407+dbpedia_5269,0.7222222222222222
dbpedia_4330+ft_id_617,0.7222222222222222
dbpedia_1345+ft_id_1042,0.7222222222222222
ft_id_1089+dbpedia_5571,0.7222222222222222
ft_id_566+dbpedia_4107,0.7222222222222222
ft_id_1342+dbpedia_5103,0.7222222222222222
dbpedia_4250+ft_id_1153,0.7222222222222222
ft_id_962+dbpedia_1992,0.7222222222222222
ft_id_945+dbpedia_725,0.7222222222222222
dbpedia_901+ft_id_1312,0.7222222222222222
dbpedia_6740+ft_id_116,0.7222222222222222
ft_id_699+dbpedia_244,0.7222222222222222
dbpedia_3511+ft_id_1790,0.7222222222222222
dbpedia_3766+ft_id_1599,0.7222222222222222
ft_id_1883+dbpedia_3729,0.7222222222222222
ft_id_1374+dbpedia_6482,0.7222222222222222
ft_id_677+dbpedia_1021,0.7222222222222222
dbpedia_2404+ft_id_1540,0.7222222222222222
ft_id_478+dbpedia_1311,0.7222222222222222
ft_id_1068+dbpedia_2010,0.7222222222222222
dbpedia_4110+ft_id_491,0.7222222222222222
dbpedia_1317+ft_id_279,0.7222222222222222
ft_id_233+dbpedia_955,0.7222222222222222
dbpedia_5025+ft_id_1400,0.7222222222222222
ft_id_24+dbpedia_580,0.7222222222222222
dbpedia_3850+ft_id_1894,0.7222222222222222
dbpedia_3854+ft_id_914,0.7222222222222222
ft_id_1634+dbpedia_1009,0.7222222222222222
dbpedia_993+ft_id_363,0.7222222222222222
dbpedia_6537+ft_id_351,0.7222222222222222
ft_id_589+dbpedia_1970,0.7222222222222222
ft_id_633+dbpedia_1255,0.7222222222222222
dbpedia_4728+ft_id_1534,0.7222222222222222
dbpedia_5845+ft_id_618,0.7222222222222222
ft_id_1689+dbpedia_2941,0.7222222222222222
dbpedia_403+ft_id_89,0.7222222222222222
dbpedia_6399+ft_id_1598,0.7222222222222222
ft_id_579+dbpedia_6268,0.7222222222222222
ft_id_1150+dbpedia_5424,0.7222222222222222
ft_id_570+dbpedia_6020,0.7222222222222222
dbpedia_5769+ft_id_174,0.7222222222222222
dbpedia_5062+ft_id_512,0.7222222222222222
dbpedia_2843+ft_id_330,0.7222222222222222
dbpedia_5381+ft_id_874,0.7222222222222222
dbpedia_929+ft_id_99,0.7222222222222222
ft_id_1317+dbpedia_5349,0.7222222222222222
ft_id_390+dbpedia_865,0.7222222222222222
ft_id_1723+dbpedia_6741,0.7222222222222222
ft_id_831+dbpedia_5990,0.7222222222222222
dbpedia_2251+ft_id_1024,0.7222222222222222
dbpedia_1943+ft_id_838,0.7222222222222222
ft_id_1801+dbpedia_4723,0.7222222222222222
ft_id_1902+dbpedia_2253,0.7222222222222222
dbpedia_4706+ft_id_1670,0.7222222222222222
dbpedia_3191+ft_id_1936,0.7222222222222222
dbpedia_883+ft_id_1111,0.7222222222222222
ft_id_637+dbpedia_5645,0.7222222222222222
dbpedia_1771+ft_id_3,0.7222222222222222
ft_id_979+dbpedia_1173,0.7222222222222222
ft_id_799+dbpedia_2590,0.7222222222222222
ft_id_1804+dbpedia_1926,0.7222222222222222
dbpedia_3480+ft_id_926,0.7222222222222222
dbpedia_1557+ft_id_1943,0.7222222222222222
dbpedia_6330+ft_id_155,0.7222222222222222
ft_id_1168+dbpedia_3838,0.7222222222222222
ft_id_447+dbpedia_651,0.7222222222222222
ft_id_514+dbpedia_3578,0.7222222222222222
dbpedia_5677+ft_id_492,0.7222222222222222
ft_id_1028+dbpedia_1691,0.7222222222222222
ft_id_557+dbpedia_15,0.7222222222222222
dbpedia_3260+ft_id_554,0.7222222222222222
ft_id_533+dbpedia_6402,0.7222222222222222
ft_id_1570+dbpedia_1057,0.7222222222222222
dbpedia_541+ft_id_235,0.7222222222222222
dbpedia_2213+ft_id_1053,0.7222222222222222
ft_id_1160+dbpedia_1453,0.7222222222222222
dbpedia_6335+ft_id_1353,0.7222222222222222
ft_id_1560+dbpedia_3939,0.7222222222222222
ft_id_1506+dbpedia_6798,0.7222222222222222
dbpedia_3430+ft_id_382,0.7222222222222222
ft_id_280+dbpedia_1831,0.7222222222222222
dbpedia_1115+ft_id_1465,0.7222222222222222
dbpedia_2645+ft_id_169,0.7222222222222222
dbpedia_2320+ft_id_927,0.7222222222222222
dbpedia_6770+ft_id_497,0.7222222222222222
7.1m_4644+dbpedia_2300+ft_id_360,0.7407407407407407
dbpedia_1535+7.1m_249+ft_id_446,0.7407407407407408
7.1m_235+ft_id_377+dbpedia_3435,0.7407407407407408
ft_id_81+dbpedia_1857+7.1m_566,0.7407407407407408
7.1m_626+ft_id_276+dbpedia_6504,0.7407407407407408
7.1m_2094+7.1m_6065+ft_id_1379,0.7407407407407408
7.1m_1389+ft_id_338+dbpedia_1787,0.7407407407407408
dbpedia_3914+ft_id_400+7.1m_160+7.1m_848+7.1m_1339,0.7481481481481481
ft_id_1705+dbpedia_1990,0.75
ft_id_920+dbpedia_845,0.75
ft_id_1942+dbpedia_6488,0.75
dbpedia_3131+ft_id_1555+7.1m_1117,0.75
ft_id_889+7.1m_2444,0.75
7.1m_4584+ft_id_794,0.75
ft_id_856+7.1m_2384,0.7777777777777778
7.1m_5639+ft_id_350,0.7777777777777778
ft_id_1525+7.1m_3642,0.7777777777777778
7.1m_6712+ft_id_525+dbpedia_2123,0.7777777777777778
7.1m_505+ft_id_381,0.7777777777777778
7.1m_2323+ft_id_1937,0.7777777777777778
7.1m_667+ft_id_968,0.7777777777777778
ft_id_166+7.1m_3748,0.7777777777777778
ft_id_1535+7.1m_2732,0.7777777777777778
ft_id_1759+7.1m_6041,0.7777777777777778
dbpedia_6301+7.1m_1633+ft_id_858,0.7777777777777778
ft_id_951+7.1m_803,0.7777777777777778
ft_id_923+7.1m_4794,0.7777777777777778
7.1m_2298+ft_id_1036,0.7777777777777778
ft_id_1754+dbpedia_4122,0.7777777777777778
ft_id_1085+dbpedia_1013,0.7777777777777778
ft_id_971+7.1m_3855,0.7777777777777778
ft_id_258+7.1m_191,0.7777777777777778
7.1m_84+ft_id_1729,0.7777777777777778
ft_id_1259+7.1m_4968,0.7777777777777778
dbpedia_1467+ft_id_234+7.1m_454,0.7777777777777778
ft_id_1228+7.1m_806,0.7777777777777778
7.1m_165+ft_id_471,0.7777777777777778
7.1m_500+ft_id_408,0.7777777777777778
7.1m_195+ft_id_96,0.7777777777777778
7.1m_642+ft_id_322,0.7777777777777778
dbpedia_3626+ft_id_260,0.7777777777777778
ft_id_1145+7.1m_474,0.7777777777777778
ft_id_1138+dbpedia_6409,0.7777777777777778
dbpedia_2299+ft_id_1608,0.7777777777777778
dbpedia_6464+7.1m_5633+ft_id_991,0.7777777777777778
ft_id_706+7.1m_5714,0.7777777777777778
ft_id_811+dbpedia_900,0.7777777777777778
ft_id_180+7.1m_943,0.7777777777777778
ft_id_779+7.1m_1731,0.7777777777777778
ft_id_740+7.1m_2347,0.7777777777777778
ft_id_745+dbpedia_2480,0.7777777777777778
ft_id_1445+7.1m_3535,0.7777777777777778
7.1m_1196+ft_id_1761,0.7777777777777778
dbpedia_1218+ft_id_1269,0.7777777777777778
ft_id_1072+7.1m_2550,0.7777777777777778
7.1m_1365+ft_id_604,0.7777777777777778
7.1m_643+ft_id_1008+dbpedia_5822,0.7777777777777778
ft_id_1326+7.1m_415,0.7777777777777778
7.1m_5843+ft_id_1463,0.7777777777777778
ft_id_1212+7.1m_919,0.7777777777777778
ft_id_866+7.1m_1362,0.7777777777777778
ft_id_375+7.1m_398,0.7777777777777778
ft_id_46+7.1m_154,0.7777777777777778
ft_id_1292+7.1m_397,0.7777777777777778
7.1m_5503+ft_id_1637,0.7777777777777778
7.1m_2377+ft_id_762,0.7777777777777778
7.1m_983+ft_id_503,0.7777777777777778
7.1m_581+ft_id_627,0.7777777777777778
7.1m_3671+ft_id_1067,0.7777777777777778
7.1m_3916+ft_id_1687,0.7777777777777778
ft_id_931+dbpedia_6211,0.7777777777777778
ft_id_1064+7.1m_1326,0.7777777777777778
7.1m_3016+ft_id_736,0.7777777777777778
ft_id_80+7.1m_6054,0.7777777777777778
ft_id_1517+7.1m_1495,0.7777777777777778
7.1m_5320+ft_id_1994,0.7777777777777778
ft_id_1447+7.1m_4338,0.7777777777777778
7.1m_3005+ft_id_655+7.1m_684,0.7777777777777778
ft_id_1047+7.1m_2953,0.7777777777777778
7.1m_4576+ft_id_1489,0.7777777777777778
ft_id_1093+7.1m_529,0.7777777777777778
7.1m_1487+ft_id_680,0.7777777777777778
ft_id_17+7.1m_12,0.7777777777777778
7.1m_821+dbpedia_299+ft_id_1052,0.7777777777777778
ft_id_653+7.1m_1700,0.7777777777777778
ft_id_1237+7.1m_2434,0.7777777777777778
ft_id_1701+7.1m_2873,0.7777777777777778
ft_id_1507+dbpedia_3211,0.7777777777777778
ft_id_1722+7.1m_3777,0.7777777777777778
dbpedia_6868+ft_id_1365,0.7777777777777778
7.1m_856+ft_id_1471,0.7777777777777778
ft_id_117+7.1m_207,0.7777777777777778
ft_id_472+7.1m_284,0.7777777777777778
7.1m_6811+ft_id_1845,0.7777777777777778
ft_id_1667+7.1m_1715,0.7777777777777778
ft_id_513+7.1m_156,0.7777777777777778
7.1m_728+ft_id_1478,0.7777777777777778
ft_id_541+7.1m_2832,0.7777777777777778
ft_id_812+7.1m_1506,0.7777777777777778
7.1m_646+ft_id_407,0.7777777777777778
ft_id_1062+7.1m_750,0.7777777777777778
7.1m_54+ft_id_168+dbpedia_2642,0.7777777777777778
ft_id_489+dbpedia_1781+7.1m_6083,0.7777777777777778
ft_id_1151+7.1m_88+dbpedia_6833,0.7777777777777778
ft_id_191+7.1m_171,0.7777777777777778
ft_id_556+7.1m_200,0.7777777777777778
ft_id_404+7.1m_23,0.7777777777777778
7.1m_3125+ft_id_1032,0.7777777777777778
7.1m_942+ft_id_839,0.7777777777777778
7.1m_2123+ft_id_1913,0.7777777777777778
ft_id_870+7.1m_6296,0.7777777777777778
7.1m_1909+ft_id_1009,0.7777777777777778
ft_id_403+7.1m_342,0.7777777777777778
ft_id_1140+7.1m_993,0.7777777777777778
7.1m_335+ft_id_1075,0.7777777777777778
7.1m_565+ft_id_661,0.7777777777777778
ft_id_208+dbpedia_543+7.1m_971,0.7777777777777778
ft_id_521+7.1m_2693,0.7777777777777778
7.1m_461+ft_id_150,0.7777777777777778
7.1m_624+ft_id_147,0.7777777777777778
ft_id_504+7.1m_1922,0.7777777777777778
7.1m_4751+ft_id_938,0.7777777777777778
ft_id_5+7.1m_19,0.7777777777777778
7.1m_5675+ft_id_69,0.7777777777777778
7.1m_4970+ft_id_441,0.7777777777777778
dbpedia_2856+ft_id_741+dbpedia_5982,0.7777777777777778
dbpedia_6110+ft_id_1787,0.7777777777777778
ft_id_219+7.1m_232,0.7777777777777778
ft_id_578+7.1m_5086,0.7777777777777778
ft_id_157+7.1m_78,0.7777777777777778
dbpedia_6753+ft_id_476,0.7777777777777778
7.1m_148+ft_id_560,0.7777777777777778
ft_id_1107+7.1m_3839,0.7777777777777778
7.1m_1085+ft_id_1452,0.7777777777777778
ft_id_215+7.1m_583,0.7777777777777778
ft_id_1349+dbpedia_1915+7.1m_2614,0.7777777777777778
7.1m_488+ft_id_129,0.7777777777777778
ft_id_115+7.1m_2758,0.7777777777777778
dbpedia_4151+ft_id_156+dbpedia_2271,0.7777777777777778
7.1m_4166+ft_id_582,0.7777777777777778
ft_id_106+7.1m_262,0.7777777777777778
ft_id_990+7.1m_3458,0.7777777777777778
ft_id_1120+7.1m_491,0.7777777777777778
ft_id_515+7.1m_4459,0.7777777777777778
7.1m_4884+ft_id_904,0.7777777777777778
7.1m_31+ft_id_419,0.7777777777777778
7.1m_422+ft_id_546,0.7777777777777778
ft_id_1688+7.1m_2522,0.7777777777777778
ft_id_1603+7.1m_1360,0.7777777777777778
ft_id_1544+7.1m_2349,0.7777777777777778
ft_id_1362+7.1m_4494+dbpedia_3494,0.7777777777777778
7.1m_788+ft_id_1099,0.7777777777777778
7.1m_20+ft_id_6,0.7777777777777778
ft_id_1512+7.1m_4590,0.7777777777777778
ft_id_240+7.1m_1654,0.7777777777777778
7.1m_1758+ft_id_464,0.7777777777777778
7.1m_816+dbpedia_3287+ft_id_759,0.7777777777777778
7.1m_1290+ft_id_508+dbpedia_1360,0.7777777777777778
7.1m_56+ft_id_171,0.7777777777777778
7.1m_1651+ft_id_1261,0.7777777777777778
7.1m_977+ft_id_399,0.7777777777777778
ft_id_277+7.1m_562,0.7777777777777778
7.1m_204+ft_id_1182,0.7777777777777778
ft_id_974+7.1m_108,0.7777777777777778
7.1m_283+ft_id_252,0.7777777777777778
7.1m_954+ft_id_1541,0.7777777777777778
ft_id_1079+7.1m_112,0.7777777777777778
ft_id_893+7.1m_2755,0.7777777777777778
ft_id_1864+dbpedia_1920,0.7777777777777778
ft_id_97+7.1m_0,0.7777777777777778
ft_id_875+7.1m_2009,0.7777777777777778
ft_id_1716+dbpedia_4311+7.1m_2617,0.7777777777777778
7.1m_732+ft_id_190,0.7777777777777778
7.1m_6327+ft_id_1152,0.7777777777777778
ft_id_1859+dbpedia_2673,0.7777777777777778
ft_id_1964+dbpedia_3477,0.7777777777777778
7.1m_324+ft_id_1466,0.7777777777777778
ft_id_462+dbpedia_712+dbpedia_4484,0.7777777777777778
7.1m_5333+ft_id_1144,0.7777777777777778
ft_id_510+7.1m_157,0.7777777777777778
7.1m_4005+ft_id_269,0.7777777777777778
dbpedia_1768+ft_id_1141,0.7777777777777778
ft_id_1178+7.1m_1148,0.7777777777777778
7.1m_213+ft_id_122,0.7777777777777778
7.1m_647+ft_id_591,0.7777777777777778
ft_id_631+7.1m_903,0.7777777777777778
7.1m_95+ft_id_528,0.7777777777777778
ft_id_109+7.1m_764,0.7777777777777778
7.1m_2124+ft_id_264,0.7777777777777778
ft_id_1448+7.1m_1915,0.7777777777777778
7.1m_1254+ft_id_656,0.7777777777777778
ft_id_659+7.1m_4368,0.7777777777777778
7.1m_518+ft_id_130,0.7777777777777778
7.1m_104+ft_id_25,0.7777777777777778
ft_id_1109+dbpedia_2532,0.7777777777777778
7.1m_1908+ft_id_1591,0.7777777777777778
ft_id_114+7.1m_22,0.7777777777777778
ft_id_178+dbpedia_2330,0.7777777777777778
7.1m_1781+ft_id_1430,0.7777777777777778
ft_id_79+dbpedia_3443,0.7777777777777778
ft_id_879+7.1m_3785,0.7777777777777778
7.1m_1042+ft_id_1786,0.7777777777777778
ft_id_28+7.1m_176,0.7777777777777778
ft_id_327+dbpedia_5664,0.7777777777777778
7.1m_1729+ft_id_530,0.7777777777777778
ft_id_417+7.1m_2458,0.7777777777777778
ft_id_1209+dbpedia_4976,0.7777777777777778
7.1m_382+ft_id_1422,0.7777777777777778
dbpedia_5991+7.1m_3659+ft_id_1852,0.8148148148148148
7.1m_3544+ft_id_791+dbpedia_119,0.8148148148148148
7.1m_139+7.1m_2983+ft_id_204,0.8518518518518519
dbpedia_4226+ft_id_1288,0.8571428571428571
dbpedia_4270+ft_id_798,0.875
ft_id_1121+dbpedia_4474,0.875
ft_id_1842+dbpedia_5529,0.875
dbpedia_3954+ft_id_1341,0.875
ft_id_1381+dbpedia_952,0.875
ft_id_1051+7.1m_506,0.8888888888888888
ft_id_465+dbpedia_335,0.8888888888888888
dbpedia_6329+ft_id_849,0.8888888888888888
dbpedia_2548+ft_id_185,0.8888888888888888
ft_id_1437+dbpedia_4402,0.8888888888888888
7.1m_123+ft_id_1587,0.8888888888888888
ft_id_333+dbpedia_2606,0.8888888888888888
dbpedia_4140+ft_id_597,0.8888888888888888
dbpedia_4578+ft_id_387,0.8888888888888888
dbpedia_2537+ft_id_1130,0.8888888888888888
ft_id_1205+dbpedia_2698,0.8888888888888888
ft_id_734+7.1m_2409+dbpedia_4343,0.8888888888888888
ft_id_943+dbpedia_6040,0.8888888888888888
ft_id_773+dbpedia_46,0.8888888888888888
ft_id_1527+dbpedia_1220,0.8888888888888888
ft_id_1502+dbpedia_286,0.8888888888888888
dbpedia_1288+ft_id_1433,0.8888888888888888
ft_id_835+dbpedia_744,0.8888888888888888
ft_id_1811+dbpedia_3942,0.8888888888888888
ft_id_1632+dbpedia_1261,0.8888888888888888
7.1m_4138+ft_id_1080,0.8888888888888888
7.1m_6087+ft_id_682,0.8888888888888888
ft_id_1327+dbpedia_6599,0.8888888888888888
dbpedia_6893+ft_id_663,0.8888888888888888
ft_id_1281+dbpedia_2387,0.8888888888888888
ft_id_1582+dbpedia_1890,0.8888888888888888
ft_id_434+7.1m_615,0.8888888888888888
dbpedia_473+ft_id_1728,0.8888888888888888
ft_id_1843+dbpedia_6702,0.8888888888888888
dbpedia_117+ft_id_727,0.8888888888888888
dbpedia_5150+ft_id_800,0.8888888888888888
dbpedia_349+ft_id_718,0.8888888888888888
ft_id_1472+dbpedia_6614,0.8888888888888888
ft_id_1833+dbpedia_365,0.8888888888888888
ft_id_307+dbpedia_1359,0.8888888888888888
ft_id_498+dbpedia_3397,0.8888888888888888
ft_id_549+dbpedia_3240,0.8888888888888888
dbpedia_2191+ft_id_59,0.8888888888888888
ft_id_1910+dbpedia_5384,0.8888888888888888
ft_id_137+dbpedia_5523,0.8888888888888888
dbpedia_2920+ft_id_398,0.8888888888888888
ft_id_537+dbpedia_756,0.8888888888888888
ft_id_853+dbpedia_1924,0.8888888888888888
ft_id_177+dbpedia_4839,0.8888888888888888
7.1m_6591+ft_id_1159,0.8888888888888888
dbpedia_608+ft_id_36,0.8888888888888888
dbpedia_3292+ft_id_936,0.8888888888888888
ft_id_359+dbpedia_6641,0.8888888888888888
dbpedia_854+ft_id_819,0.8888888888888888
ft_id_575+dbpedia_2817,0.8888888888888888
ft_id_1156+dbpedia_2184,0.8888888888888888
ft_id_774+dbpedia_3620,0.8888888888888888
7.1m_3830+ft_id_1256,0.8888888888888888
ft_id_1827+dbpedia_4594,0.8888888888888888
ft_id_239+dbpedia_4562,0.8888888888888888
dbpedia_982+ft_id_212,0.8888888888888888
ft_id_955+dbpedia_451,0.8888888888888888
dbpedia_494+ft_id_1310,0.8888888888888888
ft_id_999+7.1m_3915,0.8888888888888888
dbpedia_4796+ft_id_309,0.8888888888888888
ft_id_505+dbpedia_714,0.8888888888888888
ft_id_768+dbpedia_5849,0.8888888888888888
dbpedia_4159+ft_id_529,0.8888888888888888
dbpedia_1601+ft_id_1171,0.8888888888888888
ft_id_973+dbpedia_4466,0.8888888888888888
7.1m_5398+ft_id_222+7.1m_3747,0.9629629629629629
ft_id_1376+dbpedia_1570,1.0
ft_id_20+7.1m_5161,1.0
7.1m_2694+ft_id_44,1.0
dbpedia_6635+ft_id_282,1.0
ft_id_669+7.1m_4946,1.0
ft_id_743+7.1m_988,1.0
dbpedia_3248+ft_id_1302,1.0
7.1m_455+ft_id_728,1.0
ft_id_1351+7.1m_3724,1.0
dbpedia_584+ft_id_1220,1.0
ft_id_366+7.1m_1549,1.0
7.1m_1537+ft_id_483,1.0
dbpedia_5616+ft_id_285,1.0
dbpedia_4302+7.1m_3096+ft_id_1962,1.0
ft_id_443+dbpedia_4136,1.0
dbpedia_5080+ft_id_383,1.0
7.1m_6557+ft_id_133,1.0
7.1m_6008+ft_id_970,1.0
ft_id_1834+dbpedia_4421,1.0
ft_id_643+7.1m_198,1.0
7.1m_147+ft_id_153,1.0
7.1m_1572+ft_id_947,1.0
7.1m_5494+ft_id_176,1.0
ft_id_243+dbpedia_2872,1.0
7.1m_6514+ft_id_555,1.0
ft_id_1925+dbpedia_5434,1.0
7.1m_4101+ft_id_1736,1.0
